<?xml version="1.0" encoding="UTF-8"?>
<beans xmlns="http://www.springframework.org/schema/beans"
    xmlns:xsi="http://www.w3.org/2001/XMLSchema-instance"
    xmlns:context="http://www.springframework.org/schema/context"
    xsi:schemaLocation="http://www.springframework.org/schema/beans http://www.springframework.org/schema/beans/spring-beans.xsd
    http://www.springframework.org/schema/context http://www.springframework.org/schema/context/spring-context.xsd">
   <bean id="student" class="com.example.Student"></bean> 
 
 
   <bean id="dao" class="com.example.StudentDao">
   
   <property name="temp" ref="jdbctemp" ></property>
   </bean>
   
   <bean id="jdbctemp" class="org.springframework.jdbc.core.JdbcTemplate">
   <property name="dataSource" ref="ds"></property>
   </bean>
   
   <bean id="ds" class="org.springframework.jdbc.datasource.DriverManagerDataSource">
   <property name="driverClassName" value="com.mysql.jdbc.Driver"></property>
  <property name="url" value="jdbc:mysql://localhost:3306/db3"></property>
  <property name="username" value="root"></property>
  <property name="password" value="Asish@321"></property>
   </bean>
</beans>



